Workbook

Sheet L1-原始成本
A1: ResourceID | B1: ServiceName | C1: Cost | D1: Tag:Team | E1: Tag:Env | F1: Tag:Project
A2: i-0a1b2c3d4e5f | B2: EC2 | C2: 5000 | D2: Platform | E2: prod | F2: SharedPlatform
A3: rds-appa-001 | B3: RDS | C3: 2400 | D3: AppA | E3: prod | F3: AppA-DB
A4: rds-appb-001 | B4: RDS | C4: 1800 | D4: AppB | E4: prod | F4: AppB-DB
A5: eks-control | B5: EKS | C5: 800 | D5: Platform | E5: prod | F5: SharedPlatform
A6: openai-inference | B6: AzureOpenAI | C6: 2400 | D6: AppA | E6: prod | F6: AppA-AI
A7: s3-data-lake | B7: S3 | C7: 600 | D7: Data | E7: prod | F7: DataLake
A8: datadog-sub | B8: SaaS | C8: 1200 | D8: Platform | E8: prod | F8: Observability
A9: lambda-appb | B9: Lambda | C9: 400 | D9: AppB | E9: prod | F9: AppB-API
A10: cloudfront-cdn | B10: CloudFront | C10: 900 | D10: AppA | E10: prod | F10: AppA-Frontend
A11: vpc-flow-logs | B11: VPC | C11: 300 | D11: Platform | E11: prod | F11: SharedPlatform

Sheet L2-分摊规则
A1: Team | B1: AllocationKey% | C1: RuleDescription
A2: AppA | B2: 0.35 | C2: 按活跃应用数与收入贡献分摊共享平台成本
A3: AppB | B3: 0.25 | C3: 按活跃应用数分摊共享平台成本
A4: Platform | B4: 0.25 | C4: 平台团队承担基础设施与可观测性共享成本
A5: Data | B5: 0.15 | C5: 数据团队承担数据湖与存储共享成本
A6: 合计 | B6: =SUM(B2:B5)

Sheet L3-分摊结果
A1: Team | B1: DirectCost | C1: SharedCost | D1: AllocatedCost | E1: AllocationKey% | F1: RuleDescription
A2: AppA | B2: =SUMIFS('L1-原始成本'!$C$2:$C$11,'L1-原始成本'!$D$2:$D$11,B2) | C2: =SUMIFS('L1-原始成本'!$C$2:$C$11,'L1-原始成本'!$D$2:$D$11,"Platform")*E2 | D2: =B2+C2 | E2: =IFERROR(VLOOKUP(B2,'L2-分摊规则'!$A$2:$C$5,2,FALSE),0) | F2: =IFERROR(VLOOKUP(B2,'L2-分摊规则'!$A$2:$C$5,3,FALSE),"")
A3: AppB | B3: =SUMIFS('L1-原始成本'!$C$2:$C$11,'L1-原始成本'!$D$2:$D$11,B3) | C3: =SUMIFS('L1-原始成本'!$C$2:$C$11,'L1-原始成本'!$D$2:$D$11,"Platform")*E3 | D3: =B3+C3 | E3: =IFERROR(VLOOKUP(B3,'L2-分摊规则'!$A$2:$C$5,2,FALSE),0) | F3: =IFERROR(VLOOKUP(B3,'L2-分摊规则'!$A$2:$C$5,3,FALSE),"")
A4: Platform | B4: =SUMIFS('L1-原始成本'!$C$2:$C$11,'L1-原始成本'!$D$2:$D$11,B4) | C4: =SUMIFS('L1-原始成本'!$C$2:$C$11,'L1-原始成本'!$D$2:$D$11,"Platform")*E4 | D4: =B4+C4 | E4: =IFERROR(VLOOKUP(B4,'L2-分摊规则'!$A$2:$C$5,2,FALSE),0) | F4: =IFERROR(VLOOKUP(B4,'L2-分摊规则'!$A$2:$C$5,3,FALSE),"")
A5: Data | B5: =SUMIFS('L1-原始成本'!$C$2:$C$11,'L1-原始成本'!$D$2:$D$11,B5) | C5: =SUMIFS('L1-原始成本'!$C$2:$C$11,'L1-原始成本'!$D$2:$D$11,"Platform")*E5 | D5: =B5+C5 | E5: =IFERROR(VLOOKUP(B5,'L2-分摊规则'!$A$2:$C$5,2,FALSE),0) | F5: =IFERROR(VLOOKUP(B5,'L2-分摊规则'!$A$2:$C$5,3,FALSE),"")
A6: 合计 | B6: =SUM(B2:B5) | C6: =SUM(C2:C5) | D6: =SUM(D2:D5) | E6: =SUM(E2:E5)

Sheet L4-单位经济学
A1: Metric | B1: TotalCost | C1: UnitVolume | D1: CostPerUnit | E1: Notes
A2: CostPerUser | B2: 12000 | C2: 571429 | D2: =B2/C2 | E2: Total Cloud COGS / MAU
A3: CostPerTransaction | B3: 3500 | C3: 2500000 | D3: =B3/C3 | E3: Transaction-related cost / transactions
A4: CostPer1KInputTokens | B4: 7200 | C4: 120000 | D4: =B4/C4 | E4: LLM input cost / (input tokens / 1000)
A5: CostPer1KOutputTokens | B5: 10800 | C5: 30000 | D5: =B5/C5 | E5: LLM output cost / (output tokens / 1000)
A6: CostPerRequest | B6: 50000 | C6: 2000000 | D6: =B6/C6 | E6: AI total cost / total requests
A7: TotalCloudCOGS | B7: ='L3-分摊结果'!D6 | E7: 从 L3 分摊结果合计引用

Sheet 使用说明
A1: FinOps L1–L4 成本分摊 Excel 公式模板
A3: 工作表 | B3: 说明
A4: L1-原始成本 | B4: 填写或粘贴云服务原始账单；Tag:Team 用于直接归属。
A5: L2-分摊规则 | B5: 维护 Team 的分摊键，合计应等于 100%。
A6: L3-分摊结果 | B6: 自动按 SUMIFS 汇总直接成本，并按 L2 比例拆分共享成本。
A7: L4-单位经济学 | B7: 基于 L3 的 TotalCloudCOGS 或独立成本池计算单位成本。
A9: 使用提示
A10: 1 | B10: 将 L1 替换为贵组织的真实云账单（保持列结构一致）。
A11: 2 | B11: 在 L2 中调整 AllocationKey%，确保团队比例符合 FinOps 分摊策略。
A12: 3 | B12: L3 中的公式会自动重新计算；如需更复杂的共享池逻辑，可拆分 Platform/Data 等共享项。
A13: 4 | B13: L4 中的单位经济学公式可按业务指标（MAU、交易数、Token 数）自行扩展。
A15: 对齐来源
A16: FinOps Foundation Framework 2026
A17: FOCUS (FinOps Open Cost and Usage Specification)
